"","cohen_kappa_w","cohen_kappa_w_ci_low","cohen_kappa_w_ci_high","agreement","agreement_ci_low","agreement_ci_high","deferring_fraction","deferring_fraction_ci_low","deferring_fraction_ci_high"
"combined",0.1024512884978,0.0361707488833309,0.174845636242656,0.432539682539683,0.382936507936508,0.490079365079365,0,0,0
"Eligibility",0.0786516853932585,NA,NA,0.428571428571429,NA,NA,0,NA,NA
"Recruitment",0.104183757178015,NA,NA,0.410714285714286,NA,NA,0,NA,NA
"Setting",0.0922693266832918,NA,NA,0.696428571428571,NA,NA,0,NA,NA
"Organization",-0.00442260442260434,NA,NA,0.339285714285714,NA,NA,0,NA,NA
"Flex. delivery",0.296448417492148,NA,NA,0.392857142857143,NA,NA,0,NA,NA
"Flex. adherence",0.132,NA,NA,0.553571428571429,NA,NA,0,NA,NA
"Follow-up",0.0350194552529182,NA,NA,0.142857142857143,NA,NA,0,NA,NA
"Outcome",0.0695517774343123,NA,NA,0.553571428571429,NA,NA,0,NA,NA
"Analysis",0.0140056022408964,NA,NA,0.375,NA,NA,0,NA,NA
